state,state_code,district,district_code,block,block_code,panchayat,panchayat_code
Maharashtra,27,Raigad,520,Alibag,4177,Agarsure,186646
Maharashtra,27,Raigad,520,Alibag,4177,Akshi,186647
Maharashtra,27,Raigad,520,Alibag,4177,Ambepur,186648
Maharashtra,27,Raigad,520,Alibag,4177,Awas,186649
Maharashtra,27,Raigad,520,Alibag,4177,Bamangaon,186650
Maharashtra,27,Raigad,520,Alibag,4177,Belkade,186651
Maharashtra,27,Raigad,520,Alibag,4177,Beloshi,186652
Maharashtra,27,Raigad,520,Alibag,4177,Borghar,186653
Maharashtra,27,Raigad,520,Alibag,4177,Boris,186654
Maharashtra,27,Raigad,520,Alibag,4177,Chari,186655
Maharashtra,27,Raigad,520,Alibag,4177,Chaul,186659
Maharashtra,27,Raigad,520,Alibag,4177,Chendhare,186656
Maharashtra,27,Raigad,520,Alibag,4177,Chinchavali,186657
Maharashtra,27,Raigad,520,Alibag,4177,Chinchoti,186658
Maharashtra,27,Raigad,520,Alibag,4177,Dhavar,186660
Maharashtra,27,Raigad,520,Alibag,4177,Dhokawade,186661
Maharashtra,27,Raigad,520,Alibag,4177,Kamarle,186662
Maharashtra,27,Raigad,520,Alibag,4177,Kavir,186664
Maharashtra,27,Raigad,520,Alibag,4177,Khanav,186665
Maharashtra,27,Raigad,520,Alibag,4177,Khandale,186663
Maharashtra,27,Raigad,520,Alibag,4177,Khidki,186666
Maharashtra,27,Raigad,520,Alibag,4177,Kihim,186667
Maharashtra,27,Raigad,520,Alibag,4177,Koproli,186668
Maharashtra,27,Raigad,520,Alibag,4177,Kurdus,186669
Maharashtra,27,Raigad,520,Alibag,4177,Kurkundi,186670
Maharashtra,27,Raigad,520,Alibag,4177,Kurul,186671
Maharashtra,27,Raigad,520,Alibag,4177,Kusumbale,186672
Maharashtra,27,Raigad,520,Alibag,4177,Mankule,186674
Maharashtra,27,Raigad,520,Alibag,4177,Man(T) Zirad,186673
Maharashtra,27,Raigad,520,Alibag,4177,Mapgaon,186675
Maharashtra,27,Raigad,520,Alibag,4177,Milkatkhar,186676
Maharashtra,27,Raigad,520,Alibag,4177,Mule,186677
Maharashtra,27,Raigad,520,Alibag,4177,Nagaon,186678
Maharashtra,27,Raigad,520,Alibag,4177,Narangi,186679
Maharashtra,27,Raigad,520,Alibag,4177,Navedar,186680
Maharashtra,27,Raigad,520,Alibag,4177,Parhur,186681
Maharashtra,27,Raigad,520,Alibag,4177,Pedhambe,186682
Maharashtra,27,Raigad,520,Alibag,4177,Pezari,186683
Maharashtra,27,Raigad,520,Alibag,4177,Poynad,186684
Maharashtra,27,Raigad,520,Alibag,4177,Ramraj,186685
Maharashtra,27,Raigad,520,Alibag,4177,Ranjankhar,186686
Maharashtra,27,Raigad,520,Alibag,4177,Revdanda,186687
Maharashtra,27,Raigad,520,Alibag,4177,Rewas,186688
Maharashtra,27,Raigad,520,Alibag,4177,Sahan,186689
Maharashtra,27,Raigad,520,Alibag,4177,Saral,186690
Maharashtra,27,Raigad,520,Alibag,4177,Sasawane,186691
Maharashtra,27,Raigad,520,Alibag,4177,Satirje,186692
Maharashtra,27,Raigad,520,Alibag,4177,Shahabaj,186693
Maharashtra,27,Raigad,520,Alibag,4177,Shahapur,186694
Maharashtra,27,Raigad,520,Alibag,4177,Shirawali,186695
Maharashtra,27,Raigad,520,Alibag,4177,Shrigaon,186696
Maharashtra,27,Raigad,520,Alibag,4177,Sudkoli,186697
Maharashtra,27,Raigad,520,Alibag,4177,Tadwagale,186698
Maharashtra,27,Raigad,520,Alibag,4177,Thal,186699
Maharashtra,27,Raigad,520,Alibag,4177,Vadgaon,186700
Maharashtra,27,Raigad,520,Alibag,4177,Vaghran,186706
Maharashtra,27,Raigad,520,Alibag,4177,Vaijali,186702
Maharashtra,27,Raigad,520,Alibag,4177,Varande,186703
Maharashtra,27,Raigad,520,Alibag,4177,Varsoli,186704
Maharashtra,27,Raigad,520,Alibag,4177,Veshvi,186705
Maharashtra,27,Raigad,520,Alibag,4177,Waghode,186701
Maharashtra,27,Raigad,520,Alibag,4177,Zirad,186707
Maharashtra,27,Raigad,520,Khalapur,4175,Apati,186757
Maharashtra,27,Raigad,520,Khalapur,4175,Atkargaon,186778
Maharashtra,27,Raigad,520,Khalapur,4175,Bidkhurd,186758
Maharashtra,27,Raigad,520,Khalapur,4175,Borgaon  Kh.,186759
Maharashtra,27,Raigad,520,Khalapur,4175,Chambharli,186760
Maharashtra,27,Raigad,520,Khalapur,4175,Chavani,186761
Maharashtra,27,Raigad,520,Khalapur,4175,Chilthan,186762
Maharashtra,27,Raigad,520,Khalapur,4175,Chouk,186763
Maharashtra,27,Raigad,520,Khalapur,4175,Deonhave,186764
Maharashtra,27,Raigad,520,Khalapur,4175,Gorthan  Bk.,186765
Maharashtra,27,Raigad,520,Khalapur,4175,Hal Kh.,186766
Maharashtra,27,Raigad,520,Khalapur,4175,Honad,186767
Maharashtra,27,Raigad,520,Khalapur,4175,Horhale,186768
Maharashtra,27,Raigad,520,Khalapur,4175,Isambe,186769
Maharashtra,27,Raigad,520,Khalapur,4175,Jambrung,186770
Maharashtra,27,Raigad,520,Khalapur,4175,Kalote,186772
Maharashtra,27,Raigad,520,Khalapur,4175,Khalapur,186773
Maharashtra,27,Raigad,520,Khalapur,4175,Khanav,186774
Maharashtra,27,Raigad,520,Khalapur,4175,Khariwali,186775
Maharashtra,27,Raigad,520,Khalapur,4175,Kumbhiwali,186776
Maharashtra,27,Raigad,520,Khalapur,4175,Madap,186779
Maharashtra,27,Raigad,520,Khalapur,4175,Majgaon,186777
Maharashtra,27,Raigad,520,Khalapur,4175,Mankiwal,186780
Maharashtra,27,Raigad,520,Khalapur,4175,Nadode,186782
Maharashtra,27,Raigad,520,Khalapur,4175,Nandanpada,186783
Maharashtra,27,Raigad,520,Khalapur,4175,Naringi,186784
Maharashtra,27,Raigad,520,Khalapur,4175,Navande,186785
Maharashtra,27,Raigad,520,Khalapur,4175,Sajgaon,186786
Maharashtra,27,Raigad,520,Khalapur,4175,Saoroli,186787
Maharashtra,27,Raigad,520,Khalapur,4175,Shirwali,186788
Maharashtra,27,Raigad,520,Khalapur,4175,Tambati,186789
Maharashtra,27,Raigad,520,Khalapur,4175,Tembhari,186790
Maharashtra,27,Raigad,520,Khalapur,4175,Thanenhave,186791
Maharashtra,27,Raigad,520,Khalapur,4175,Umbre,186792
Maharashtra,27,Raigad,520,Khalapur,4175,Vadgaon,186796
Maharashtra,27,Raigad,520,Khalapur,4175,Vadval,186793
Maharashtra,27,Raigad,520,Khalapur,4175,Varose,186797
Maharashtra,27,Raigad,520,Khalapur,4175,Vasambe,186781
Maharashtra,27,Raigad,520,Khalapur,4175,Vavandal,186794
Maharashtra,27,Raigad,520,Khalapur,4175,Vavarle,186798
Maharashtra,27,Raigad,520,Khalapur,4175,Vavoshi,186795
Maharashtra,27,Raigad,520,Mahad,4185,Achololi,186799
Maharashtra,27,Raigad,520,Mahad,4185,Adhi,186800
Maharashtra,27,Raigad,520,Mahad,4185,Adiste,186801
Maharashtra,27,Raigad,520,Mahad,4185,Akale,186802
Maharashtra,27,Raigad,520,Mahad,4185,Ambavade,186806
Maharashtra,27,Raigad,520,Mahad,4185,Ambeshivthar,186805
Maharashtra,27,Raigad,520,Mahad,4185,Ambivali,186804
Maharashtra,27,Raigad,520,Mahad,4185,Ambshet,186803
Maharashtra,27,Raigad,520,Mahad,4185,Asanpoi,186808
Maharashtra,27,Raigad,520,Mahad,4185,Barasgaon,186809
Maharashtra,27,Raigad,520,Mahad,4185,Bavale,186810
Maharashtra,27,Raigad,520,Mahad,4185,Bhave,186811
Maharashtra,27,Raigad,520,Mahad,4185,Bheloshi,186812
Maharashtra,27,Raigad,520,Mahad,4185,Bhomjai,186813
Maharashtra,27,Raigad,520,Mahad,4185,Bijaghar,186814
Maharashtra,27,Raigad,520,Mahad,4185,Birwadi,186815
Maharashtra,27,Raigad,520,Mahad,4185,Chambharkhind,186816
Maharashtra,27,Raigad,520,Mahad,4185,Chandhave Bk.,186817
Maharashtra,27,Raigad,520,Mahad,4185,Chandhave Kh.,186818
Maharashtra,27,Raigad,520,Mahad,4185,Chapgaon,186819
Maharashtra,27,Raigad,520,Mahad,4185,Chimbhave,186820
Maharashtra,27,Raigad,520,Mahad,4185,Chimbhave,186821
Maharashtra,27,Raigad,520,Mahad,4185,Chochinde,186822
Maharashtra,27,Raigad,520,Mahad,4185,Dabhol,186823
Maharashtra,27,Raigad,520,Mahad,4185,Dadali,186824
Maharashtra,27,Raigad,520,Mahad,4185,Dahiwad,186825
Maharashtra,27,Raigad,520,Mahad,4185,Dapoli,186826
Maharashtra,27,Raigad,520,Mahad,4185,Dasgaon,186827
Maharashtra,27,Raigad,520,Mahad,4185,Dhamne,186828
Maharashtra,27,Raigad,520,Mahad,4185,Ghavarekond,186829
Maharashtra,27,Raigad,520,Mahad,4185,Ghurpacha Kond,186830
Maharashtra,27,Raigad,520,Mahad,4185,Gondale,186831
Maharashtra,27,Raigad,520,Mahad,4185,Gothe Bk.,186832
Maharashtra,27,Raigad,520,Mahad,4185,Jite,186833
Maharashtra,27,Raigad,520,Mahad,4185,Jui Bk.,186834
Maharashtra,27,Raigad,520,Mahad,4185,Kachale,186835
Maharashtra,27,Raigad,520,Mahad,4185,Kambale T.Mahad,186837
Maharashtra,27,Raigad,520,Mahad,4185,Kamble Tarf,186836
Maharashtra,27,Raigad,520,Mahad,4185,Karanjadi,186838
Maharashtra,27,Raigad,520,Mahad,4185,Kasabeshivthar,186840
Maharashtra,27,Raigad,520,Mahad,4185,Kawale Tarf Nate,186901
Maharashtra,27,Raigad,520,Mahad,4185,Kawale T Vinhere,186841
Maharashtra,27,Raigad,520,Mahad,4185,Kemburli,186842
Maharashtra,27,Raigad,520,Mahad,4185,Kharavali,186844
Maharashtra,27,Raigad,520,Mahad,4185,Khardi,186843
Maharashtra,27,Raigad,520,Mahad,4185,Khutil,186845
Maharashtra,27,Raigad,520,Mahad,4185,Kinjalghar,186846
Maharashtra,27,Raigad,520,Mahad,4185,Kinjaloli  Bk.,186847
Maharashtra,27,Raigad,520,Mahad,4185,Kinjaloli  Kd.,186848
Maharashtra,27,Raigad,520,Mahad,4185,Kiye,186849
Maharashtra,27,Raigad,520,Mahad,4185,Kokare T. Nate,186850
Maharashtra,27,Raigad,520,Mahad,4185,Kol,186851
Maharashtra,27,Raigad,520,Mahad,4185,Kolose,186852
Maharashtra,27,Raigad,520,Mahad,4185,Kondiwate,186853
Maharashtra,27,Raigad,520,Mahad,4185,Konzar,186854
Maharashtra,27,Raigad,520,Mahad,4185,Kotheri,186855
Maharashtra,27,Raigad,520,Mahad,4185,Koturde,186856
Maharashtra,27,Raigad,520,Mahad,4185,Kumbale,186859
Maharashtra,27,Raigad,520,Mahad,4185,Kumbharde,186857
Maharashtra,27,Raigad,520,Mahad,4185,Kumbheshivthar,186858
Maharashtra,27,Raigad,520,Mahad,4185,Kurle,186860
Maharashtra,27,Raigad,520,Mahad,4185,Kusgaon,186861
Maharashtra,27,Raigad,520,Mahad,4185,Ladivali,186862
Maharashtra,27,Raigad,520,Mahad,4185,Lower Tudil,186863
Maharashtra,27,Raigad,520,Mahad,4185,Mandale,186864
Maharashtra,27,Raigad,520,Mahad,4185,Manghrun,186865
Maharashtra,27,Raigad,520,Mahad,4185,Mohopre,186866
Maharashtra,27,Raigad,520,Mahad,4185,Mohot,186867
Maharashtra,27,Raigad,520,Mahad,4185,Mumurshi,186868
Maharashtra,27,Raigad,520,Mahad,4185,Nadgaon T.,186869
Maharashtra,27,Raigad,520,Mahad,4185,Nadgaon Tarf,186870
Maharashtra,27,Raigad,520,Mahad,4185,Nagaon,186871
Maharashtra,27,Raigad,520,Mahad,4185,Nandgaon    Bk.,186872
Maharashtra,27,Raigad,520,Mahad,4185,Nandgaon Kh,186873
Maharashtra,27,Raigad,520,Mahad,4185,Narvan,186874
Maharashtra,27,Raigad,520,Mahad,4185,Nate,186875
Maharashtra,27,Raigad,520,Mahad,4185,Natondi,186876
Maharashtra,27,Raigad,520,Mahad,4185,Nerav,186877
Maharashtra,27,Raigad,520,Mahad,4185,Nigade,186878
Maharashtra,27,Raigad,520,Mahad,4185,Nijampur,186879
Maharashtra,27,Raigad,520,Mahad,4185,Pachad,186880
Maharashtra,27,Raigad,520,Mahad,4185,Padavi,186881
Maharashtra,27,Raigad,520,Mahad,4185,Pale,186882
Maharashtra,27,Raigad,520,Mahad,4185,Panderi,186883
Maharashtra,27,Raigad,520,Mahad,4185,Pane,186884
Maharashtra,27,Raigad,520,Mahad,4185,Pangari,186885
Maharashtra,27,Raigad,520,Mahad,4185,Parmachi,186886
Maharashtra,27,Raigad,520,Mahad,4185,Phalakewadi,186887
Maharashtra,27,Raigad,520,Mahad,4185,Pimpalkond,186888
Maharashtra,27,Raigad,520,Mahad,4185,Pimpalwadi,186889
Maharashtra,27,Raigad,520,Mahad,4185,Punade Tarf Nate,186890
Maharashtra,27,Raigad,520,Mahad,4185,Rajewadi,186891
Maharashtra,27,Raigad,520,Mahad,4185,Rajivali,186892
Maharashtra,27,Raigad,520,Mahad,4185,Ranavadi Kh.,186893
Maharashtra,27,Raigad,520,Mahad,4185,Ravdhal,186894
Maharashtra,27,Raigad,520,Mahad,4185,Ravtali,186895
Maharashtra,27,Raigad,520,Mahad,4185,Revtale,186896
Maharashtra,27,Raigad,520,Mahad,4185,Rupavali,186897
Maharashtra,27,Raigad,520,Mahad,4185,Sakadi,186898
Maharashtra,27,Raigad,520,Mahad,4185,Sandoshi,186899
Maharashtra,27,Raigad,520,Mahad,4185,Sav,186900
Maharashtra,27,Raigad,520,Mahad,4185,Savane,186902
Maharashtra,27,Raigad,520,Mahad,4185,Shel,186903
Maharashtra,27,Raigad,520,Mahad,4185,Shirasavane,186906
Maharashtra,27,Raigad,520,Mahad,4185,Shiravali,186907
Maharashtra,27,Raigad,520,Mahad,4185,Shirgaon,186905
Maharashtra,27,Raigad,520,Mahad,4185,Singarkond,186904
Maharashtra,27,Raigad,520,Mahad,4185,Songhar,186908
Maharashtra,27,Raigad,520,Mahad,4185,Taliye,186909
Maharashtra,27,Raigad,520,Mahad,4185,Taloshi,186910
Maharashtra,27,Raigad,520,Mahad,4185,Tamhane,186911
Maharashtra,27,Raigad,520,Mahad,4185,Telangemoholla,186913
Maharashtra,27,Raigad,520,Mahad,4185,Telenge,186912
Maharashtra,27,Raigad,520,Mahad,4185,Tetghar,186914
Maharashtra,27,Raigad,520,Mahad,4185,Tol Bdk.,186915
Maharashtra,27,Raigad,520,Mahad,4185,Underi,186916
Maharashtra,27,Raigad,520,Mahad,4185,Upper Tudil,186807
Maharashtra,27,Raigad,520,Mahad,4185,Valang,186927
Maharashtra,27,Raigad,520,Mahad,4185,Valsure,186928
Maharashtra,27,Raigad,520,Mahad,4185,Vasap,186918
Maharashtra,27,Raigad,520,Mahad,4185,Veer,186919
Maharashtra,27,Raigad,520,Mahad,4185,Vinhere,186920
Maharashtra,27,Raigad,520,Mahad,4185,Wadwali,186921
Maharashtra,27,Raigad,520,Mahad,4185,Wagholi,186922
Maharashtra,27,Raigad,520,Mahad,4185,Wahoor,186923
Maharashtra,27,Raigad,520,Mahad,4185,Waki Bdk.,186924
Maharashtra,27,Raigad,520,Mahad,4185,Walan Bdk.,186925
Maharashtra,27,Raigad,520,Mahad,4185,Walan Khd.,186926
Maharashtra,27,Raigad,520,Mahad,4185,Wamane,186917
Maharashtra,27,Raigad,520,Mahad,4185,Warandh,186929
Maharashtra,27,Raigad,520,Mahad,4185,Warandoli,186930
Maharashtra,27,Raigad,520,Mahad,4185,Warangi,186931
Maharashtra,27,Raigad,520,Mahad,4185,Warathi,186932
Maharashtra,27,Raigad,520,Mangaon,4181,Ambarle,186933
Maharashtra,27,Raigad,520,Mangaon,4181,Bamnoli,186934
Maharashtra,27,Raigad,520,Mangaon,4181,Bhagad,186935
Maharashtra,27,Raigad,520,Mangaon,4181,Bhale,186936
Maharashtra,27,Raigad,520,Mangaon,4181,Bhuvan,186937
Maharashtra,27,Raigad,520,Mangaon,4181,Chandore,186938
Maharashtra,27,Raigad,520,Mangaon,4181,Chinchavali,186939
Maharashtra,27,Raigad,520,Mangaon,4181,Dahivali Kond,186940
Maharashtra,27,Raigad,520,Mangaon,4181,Dahiwali T.Govele,186941
Maharashtra,27,Raigad,520,Mangaon,4181,Dakhane,186942
Maharashtra,27,Raigad,520,Mangaon,4181,Degaon,186943
Maharashtra,27,Raigad,520,Mangaon,4181,Devali,186944
Maharashtra,27,Raigad,520,Mangaon,4181,Dongroli,186945
Maharashtra,27,Raigad,520,Mangaon,4181,Falani,186946
Maharashtra,27,Raigad,520,Mangaon,4181,Gangavali,186947
Maharashtra,27,Raigad,520,Mangaon,4181,Goregaon,186948
Maharashtra,27,Raigad,520,Mangaon,4181,Govele,186949
Maharashtra,27,Raigad,520,Mangaon,4181,Harkol,186950
Maharashtra,27,Raigad,520,Mangaon,4181,Hodgaon,186951
Maharashtra,27,Raigad,520,Mangaon,4181,Jite,186952
Maharashtra,27,Raigad,520,Mangaon,4181,Kadape,186953
Maharashtra,27,Raigad,520,Mangaon,4181,Kakal,186954
Maharashtra,27,Raigad,520,Mangaon,4181,Karambeli,186955
Maharashtra,27,Raigad,520,Mangaon,4181,Kawilwahal,186956
Maharashtra,27,Raigad,520,Mangaon,4181,Kharavali,186957
Maharashtra,27,Raigad,520,Mangaon,4181,Koste Khurd,186958
Maharashtra,27,Raigad,520,Mangaon,4181,Kumbhe,186959
Maharashtra,27,Raigad,520,Mangaon,4181,Kumshet,186960
Maharashtra,27,Raigad,520,Mangaon,4181,Lakhapale,186961
Maharashtra,27,Raigad,520,Mangaon,4181,Lonere,186962
Maharashtra,27,Raigad,520,Mangaon,4181,Lonshi,186963
Maharashtra,27,Raigad,520,Mangaon,4181,Madhegaon,186964
Maharashtra,27,Raigad,520,Mangaon,4181,Mangaon,186965
Maharashtra,27,Raigad,520,Mangaon,4181,Mangrul,186966
Maharashtra,27,Raigad,520,Mangaon,4181,Manjarwane,186967
Maharashtra,27,Raigad,520,Mangaon,4181,Morba,186968
Maharashtra,27,Raigad,520,Mangaon,4181,Muthavali T Tale,186969
Maharashtra,27,Raigad,520,Mangaon,4181,Nagaon,186970
Maharashtra,27,Raigad,520,Mangaon,4181,Nandavi,186971
Maharashtra,27,Raigad,520,Mangaon,4181,Nhave,186972
Maharashtra,27,Raigad,520,Mangaon,4181,Nijampur,186973
Maharashtra,27,Raigad,520,Mangaon,4181,Nilaj,186974
Maharashtra,27,Raigad,520,Mangaon,4181,Pahel,186975
Maharashtra,27,Raigad,520,Mangaon,4181,Palasgaon Bk.,186976
Maharashtra,27,Raigad,520,Mangaon,4181,Palsap,186977
Maharashtra,27,Raigad,520,Mangaon,4181,Panhalghar,186978
Maharashtra,27,Raigad,520,Mangaon,4181,Panhalghar,186979
Maharashtra,27,Raigad,520,Mangaon,4181,Pansai,186980
Maharashtra,27,Raigad,520,Mangaon,4181,Patnus,186981
Maharashtra,27,Raigad,520,Mangaon,4181,Pen T. Tele,186982
Maharashtra,27,Raigad,520,Mangaon,4181,Potner,186983
Maharashtra,27,Raigad,520,Mangaon,4181,Purar,186984
Maharashtra,27,Raigad,520,Mangaon,4181,Ratwad,186985
Maharashtra,27,Raigad,520,Mangaon,4181,Rawalje,186986
Maharashtra,27,Raigad,520,Mangaon,4181,Sai,186987
Maharashtra,27,Raigad,520,Mangaon,4181,Saje,186988
Maharashtra,27,Raigad,520,Mangaon,4181,Sale,186989
Maharashtra,27,Raigad,520,Mangaon,4181,Salve,186990
Maharashtra,27,Raigad,520,Mangaon,4181,Sanaswadi,186991
Maharashtra,27,Raigad,520,Mangaon,4181,Shirasad,186993
Maharashtra,27,Raigad,520,Mangaon,4181,Shirawali T,186992
Maharashtra,27,Raigad,520,Mangaon,4181,Surav T. Tale,186994
Maharashtra,27,Raigad,520,Mangaon,4181,Talashet,186995
Maharashtra,27,Raigad,520,Mangaon,4181,Talegaon T,186996
Maharashtra,27,Raigad,520,Mangaon,4181,Tol Khurd,186997
Maharashtra,27,Raigad,520,Mangaon,4181,Unegaon,186998
Maharashtra,27,Raigad,520,Mangaon,4181,Vadavali,186999
Maharashtra,27,Raigad,520,Mangaon,4181,Vadgaon,187000
Maharashtra,27,Raigad,520,Mangaon,4181,Vanimalai Kond,187001
Maharashtra,27,Raigad,520,Mangaon,4181,Varchiwadi,187002
Maharashtra,27,Raigad,520,Mangaon,4181,Vihule,187004
Maharashtra,27,Raigad,520,Mangaon,4181,Vile,187005
Maharashtra,27,Raigad,520,Mangaon,4181,Warak,187006
Maharashtra,27,Raigad,520,Mangaon,4181,Wavediwali,187003
Maharashtra,27,Raigad,520,Mhasla,4184,Adi Mahad Khadi,187007
Maharashtra,27,Raigad,520,Mhasla,4184,Adi Thakur,236968
Maharashtra,27,Raigad,520,Mhasla,4184,Ambet,187008
Maharashtra,27,Raigad,520,Mhasla,4184,Bhekarayach,187009
Maharashtra,27,Raigad,520,Mhasla,4184,Chikhalap,187010
Maharashtra,27,Raigad,520,Mhasla,4184,Deoghar,187011
Maharashtra,27,Raigad,520,Mhasla,4184,Ghonse,187012
Maharashtra,27,Raigad,520,Mhasla,4184,Ghum,187013
Maharashtra,27,Raigad,520,Mhasla,4184,Gondghar,187014
Maharashtra,27,Raigad,520,Mhasla,4184,Jambhul,187015
Maharashtra,27,Raigad,520,Mhasla,4184,Kalsuri,187016
Maharashtra,27,Raigad,520,Mhasla,4184,Kandalwada,187018
Maharashtra,27,Raigad,520,Mhasla,4184,Kanghar,187019
Maharashtra,27,Raigad,520,Mhasla,4184,Kelte,187017
Maharashtra,27,Raigad,520,Mhasla,4184,Khamgaon,187020
Maharashtra,27,Raigad,520,Mhasla,4184,Khargaon,187022
Maharashtra,27,Raigad,520,Mhasla,4184,Khargaon B.,187021
Maharashtra,27,Raigad,520,Mhasla,4184,Kharsai,187023
Maharashtra,27,Raigad,520,Mhasla,4184,Kole,187024
Maharashtra,27,Raigad,520,Mhasla,4184,Kolwat,187025
Maharashtra,27,Raigad,520,Mhasla,4184,Kudgaon,187026
Maharashtra,27,Raigad,520,Mhasla,4184,Lep,187027
Maharashtra,27,Raigad,520,Mhasla,4184,Mandatane,187028
Maharashtra,27,Raigad,520,Mhasla,4184,Mendadi,187029
Maharashtra,27,Raigad,520,Mhasla,4184,Mhasala,187030
Maharashtra,27,Raigad,520,Mhasla,4184,Nevrul,187031
Maharashtra,27,Raigad,520,Mhasla,4184,Nigadi,187032
Maharashtra,27,Raigad,520,Mhasla,4184,Pabhare,187033
Maharashtra,27,Raigad,520,Mhasla,4184,Pangloli,187034
Maharashtra,27,Raigad,520,Mhasla,4184,Phalsap,187035
Maharashtra,27,Raigad,520,Mhasla,4184,Rewali,187036
Maharashtra,27,Raigad,520,Mhasla,4184,Salvinde,187037
Maharashtra,27,Raigad,520,Mhasla,4184,Sanderi,187038
Maharashtra,27,Raigad,520,Mhasla,4184,Thakroli,187039
Maharashtra,27,Raigad,520,Mhasla,4184,Tondsure,187040
Maharashtra,27,Raigad,520,Mhasla,4184,Toradi,187041
Maharashtra,27,Raigad,520,Mhasla,4184,Turumbadi,187042
Maharashtra,27,Raigad,520,Mhasla,4184,Vave,187045
Maharashtra,27,Raigad,520,Mhasla,4184,Waral,187043
Maharashtra,27,Raigad,520,Mhasla,4184,Warwatne,187044
Maharashtra,27,Raigad,520,Murud,4178,Agardanda,187046
Maharashtra,27,Raigad,520,Murud,4178,Akdara,187051
Maharashtra,27,Raigad,520,Murud,4178,Amboli,187047
Maharashtra,27,Raigad,520,Murud,4178,Bhoighar,187048
Maharashtra,27,Raigad,520,Murud,4178,Borli,187049
Maharashtra,27,Raigad,520,Murud,4178,Chordhe,187050
Maharashtra,27,Raigad,520,Murud,4178,Kakalghar,187052
Maharashtra,27,Raigad,520,Murud,4178,Kashid,187053
Maharashtra,27,Raigad,520,Murud,4178,Korli,187054
Maharashtra,27,Raigad,520,Murud,4178,Majgaon,187056
Maharashtra,27,Raigad,520,Murud,4178,Mandla,187055
Maharashtra,27,Raigad,520,Murud,4178,Mithekhar,187057
Maharashtra,27,Raigad,520,Murud,4178,Nandagaon,187058
Maharashtra,27,Raigad,520,Murud,4178,Rajpuri,187059
Maharashtra,27,Raigad,520,Murud,4178,Salav,187060
Maharashtra,27,Raigad,520,Murud,4178,Savli,187061
Maharashtra,27,Raigad,520,Murud,4178,Shighre,187062
Maharashtra,27,Raigad,520,Murud,4178,Talekhar,187063
Maharashtra,27,Raigad,520,Murud,4178,Telwade,187064
Maharashtra,27,Raigad,520,Murud,4178,Usroli,187065
Maharashtra,27,Raigad,520,Murud,4178,Vihoor,187069
Maharashtra,27,Raigad,520,Murud,4178,Walke,187066
Maharashtra,27,Raigad,520,Murud,4178,Wawdungi,187067
Maharashtra,27,Raigad,520,Murud,4178,Welaste,187068
Maharashtra,27,Raigad,520,Panvel,4173,Adai,187070
Maharashtra,27,Raigad,520,Panvel,4173,Akurli,187071
Maharashtra,27,Raigad,520,Panvel,4173,Apte,187072
Maharashtra,27,Raigad,520,Panvel,4173,Barwai,187074
Maharashtra,27,Raigad,520,Panvel,4173,Bhatan,187075
Maharashtra,27,Raigad,520,Panvel,4173,Bhingar,187076
Maharashtra,27,Raigad,520,Panvel,4173,Chawane,187077
Maharashtra,27,Raigad,520,Panvel,4173,Chikhale,187078
Maharashtra,27,Raigad,520,Panvel,4173,Chindharan,187079
Maharashtra,27,Raigad,520,Panvel,4173,Chipale,187080
Maharashtra,27,Raigad,520,Panvel,4173,Dapole,187081
Maharashtra,27,Raigad,520,Panvel,4173,Devloli,187082
Maharashtra,27,Raigad,520,Panvel,4173,Dhansar,187083
Maharashtra,27,Raigad,520,Panvel,4173,Dighati,187084
Maharashtra,27,Raigad,520,Panvel,4173,Dundre,187085
Maharashtra,27,Raigad,520,Panvel,4173,Gavhan,187086
Maharashtra,27,Raigad,520,Panvel,4173,Ghot,187087
Maharashtra,27,Raigad,520,Panvel,4173,Giravale,187088
Maharashtra,27,Raigad,520,Panvel,4173,Gulsunde,187089
Maharashtra,27,Raigad,520,Panvel,4173,Harigram,187090
Maharashtra,27,Raigad,520,Panvel,4173,Jambhivali,245145
Maharashtra,27,Raigad,520,Panvel,4173,Kalundre,187091
Maharashtra,27,Raigad,520,Panvel,4173,Kanpoli,187094
Maharashtra,27,Raigad,520,Panvel,4173,Karade Kh,245144
Maharashtra,27,Raigad,520,Panvel,4173,Karanjade,187095
Maharashtra,27,Raigad,520,Panvel,4173,Karnala,187096
Maharashtra,27,Raigad,520,Panvel,4173,Kasal Khand,187097
Maharashtra,27,Raigad,520,Panvel,4173,Kelvane,187098
Maharashtra,27,Raigad,520,Panvel,4173,Kevale,187099
Maharashtra,27,Raigad,520,Panvel,4173,Khairwadi,187100
Maharashtra,27,Raigad,520,Panvel,4173,Khanav,187101
Maharashtra,27,Raigad,520,Panvel,4173,Khanavale,187102
Maharashtra,27,Raigad,520,Panvel,4173,Kharghar,187103
Maharashtra,27,Raigad,520,Panvel,4173,Kherane Kh.,187104
Maharashtra,27,Raigad,520,Panvel,4173,Kolakhe,187105
Maharashtra,27,Raigad,520,Panvel,4173,Kon,187106
Maharashtra,27,Raigad,520,Panvel,4173,Koynavele,236969
Maharashtra,27,Raigad,520,Panvel,4173,Kundevahal,187107
Maharashtra,27,Raigad,520,Panvel,4173,Maldung,187108
Maharashtra,27,Raigad,520,Panvel,4173,Morbe,187109
Maharashtra,27,Raigad,520,Panvel,4173,Nandgaon,187110
Maharashtra,27,Raigad,520,Panvel,4173,Nanoshi,187111
Maharashtra,27,Raigad,520,Panvel,4173,Nere,187113
Maharashtra,27,Raigad,520,Panvel,4173,Nhave,187114
Maharashtra,27,Raigad,520,Panvel,4173,Nitals,187115
Maharashtra,27,Raigad,520,Panvel,4173,Owale,187116
Maharashtra,27,Raigad,520,Panvel,4173,Owe,187117
Maharashtra,27,Raigad,520,Panvel,4173,Palaspe,187119
Maharashtra,27,Raigad,520,Panvel,4173,Pale Bk.,187120
Maharashtra,27,Raigad,520,Panvel,4173,Pale Khurd,187121
Maharashtra,27,Raigad,520,Panvel,4173,Palidevad,187122
Maharashtra,27,Raigad,520,Panvel,4173,Pargaon,187123
Maharashtra,27,Raigad,520,Panvel,4173,Pisarve,187125
Maharashtra,27,Raigad,520,Panvel,4173,Posari,187126
Maharashtra,27,Raigad,520,Panvel,4173,Poyanje,187127
Maharashtra,27,Raigad,520,Panvel,4173,Rohinjan,187129
Maharashtra,27,Raigad,520,Panvel,4173,Sai,187130
Maharashtra,27,Raigad,520,Panvel,4173,Sangurli,187131
Maharashtra,27,Raigad,520,Panvel,4173,Savale,187132
Maharashtra,27,Raigad,520,Panvel,4173,Shiravali,187133
Maharashtra,27,Raigad,520,Panvel,4173,Shirdhon,187134
Maharashtra,27,Raigad,520,Panvel,4173,Shivkar,187135
Maharashtra,27,Raigad,520,Panvel,4173,Somtane,187136
Maharashtra,27,Raigad,520,Panvel,4173,Taloje,187138
Maharashtra,27,Raigad,520,Panvel,4173,Taloje Majkur,187137
Maharashtra,27,Raigad,520,Panvel,4173,Targhar,187139
Maharashtra,27,Raigad,520,Panvel,4173,Tondre,187141
Maharashtra,27,Raigad,520,Panvel,4173,Turbhe,187142
Maharashtra,27,Raigad,520,Panvel,4173,Ulawe,187143
Maharashtra,27,Raigad,520,Panvel,4173,Umroli,187144
Maharashtra,27,Raigad,520,Panvel,4173,Usarli Kh.,187145
Maharashtra,27,Raigad,520,Panvel,4173,Vadghar,187146
Maharashtra,27,Raigad,520,Panvel,4173,Vaghivali,187147
Maharashtra,27,Raigad,520,Panvel,4173,Vakadi,187148
Maharashtra,27,Raigad,520,Panvel,4173,Valap,187149
Maharashtra,27,Raigad,520,Panvel,4173,Vavanje,187150
Maharashtra,27,Raigad,520,Panvel,4173,Vichumbe,187151
Maharashtra,27,Raigad,520,Panvel,4173,Wahal,187152
Maharashtra,27,Raigad,520,Panvel,4173,Waje,187153
Maharashtra,27,Raigad,520,Panvel,4173,Wangani Tarf,187155
Maharashtra,27,Raigad,520,Panvel,4173,Wardoli,187156
Maharashtra,27,Raigad,520,Pen,4176,Ambheghar,187157
Maharashtra,27,Raigad,520,Pen,4176,Ambiwali,187158
Maharashtra,27,Raigad,520,Pen,4176,Amtem,187159
Maharashtra,27,Raigad,520,Pen,4176,Antore,187160
Maharashtra,27,Raigad,520,Pen,4176,Balawali,187161
Maharashtra,27,Raigad,520,Pen,4176,Belawade  Bk.,187162
Maharashtra,27,Raigad,520,Pen,4176,Benase,187163
Maharashtra,27,Raigad,520,Pen,4176,Borgaon,187164
Maharashtra,27,Raigad,520,Pen,4176,Bori,187165
Maharashtra,27,Raigad,520,Pen,4176,Borze,187166
Maharashtra,27,Raigad,520,Pen,4176,Dadar,187167
Maharashtra,27,Raigad,520,Pen,4176,Dhusmi,187171
Maharashtra,27,Raigad,520,Pen,4176,Div,187168
Maharashtra,27,Raigad,520,Pen,4176,Dolawi,187169
Maharashtra,27,Raigad,520,Pen,4176,Durshet,187170
Maharashtra,27,Raigad,520,Pen,4176,Gagode  Bk,187172
Maharashtra,27,Raigad,520,Pen,4176,Gagode Kh,187173
Maharashtra,27,Raigad,520,Pen,4176,Hamarapur,187174
Maharashtra,27,Raigad,520,Pen,4176,Jawali,187175
Maharashtra,27,Raigad,520,Pen,4176,Jite,187176
Maharashtra,27,Raigad,520,Pen,4176,Johe,187177
Maharashtra,27,Raigad,520,Pen,4176,Kalave,187178
Maharashtra,27,Raigad,520,Pen,4176,Kamarli,187179
Maharashtra,27,Raigad,520,Pen,4176,Kandale,187180
Maharashtra,27,Raigad,520,Pen,4176,Kane,187181
Maharashtra,27,Raigad,520,Pen,4176,Karav,187183
Maharashtra,27,Raigad,520,Pen,4176,Karmbeli,187182
Maharashtra,27,Raigad,520,Pen,4176,Karoti,187184
Maharashtra,27,Raigad,520,Pen,4176,Kasu,187185
Maharashtra,27,Raigad,520,Pen,4176,Kharoshi,187186
Maharashtra,27,Raigad,520,Pen,4176,Kharpale,187187
Maharashtra,27,Raigad,520,Pen,4176,Koleti,187188
Maharashtra,27,Raigad,520,Pen,4176,Kopar,187189
Maharashtra,27,Raigad,520,Pen,4176,Koprole,187190
Maharashtra,27,Raigad,520,Pen,4176,Kuhire,187191
Maharashtra,27,Raigad,520,Pen,4176,Maleghar,187193
Maharashtra,27,Raigad,520,Pen,4176,Masad Bk.,187194
Maharashtra,27,Raigad,520,Pen,4176,M.M.Dongar,187192
Maharashtra,27,Raigad,520,Pen,4176,Mundhani,187195
Maharashtra,27,Raigad,520,Pen,4176,Nigade,187197
Maharashtra,27,Raigad,520,Pen,4176,Nighawali,187196
Maharashtra,27,Raigad,520,Pen,4176,Pabal,187198
Maharashtra,27,Raigad,520,Pen,4176,Patanoli,187199
Maharashtra,27,Raigad,520,Pen,4176,Rave,187200
Maharashtra,27,Raigad,520,Pen,4176,Rode,187201
Maharashtra,27,Raigad,520,Pen,4176,Sapoli,187202
Maharashtra,27,Raigad,520,Pen,4176,Sawarsai,187203
Maharashtra,27,Raigad,520,Pen,4176,Shedshi,187204
Maharashtra,27,Raigad,520,Pen,4176,Shihu,187205
Maharashtra,27,Raigad,520,Pen,4176,Shirki,187206
Maharashtra,27,Raigad,520,Pen,4176,Sonkhar,187207
Maharashtra,27,Raigad,520,Pen,4176,Tarankhop,187208
Maharashtra,27,Raigad,520,Pen,4176,Umbarde,187209
Maharashtra,27,Raigad,520,Pen,4176,Vadakhal,187212
Maharashtra,27,Raigad,520,Pen,4176,Vadhav,187210
Maharashtra,27,Raigad,520,Pen,4176,Vakrul,187213
Maharashtra,27,Raigad,520,Pen,4176,Varap,187214
Maharashtra,27,Raigad,520,Pen,4176,Varedi,187216
Maharashtra,27,Raigad,520,Pen,4176,Varsai,187211
Maharashtra,27,Raigad,520,Pen,4176,Warawane,187215
Maharashtra,27,Raigad,520,Pen,4176,Washi,187217
Maharashtra,27,Raigad,520,Pen,4176,Washiwali,187218
Maharashtra,27,Raigad,520,Pen,4176,Zotirpada,187219
Maharashtra,27,Raigad,520,Poladpur,4186,Adawale Bk.,187220
Maharashtra,27,Raigad,520,Poladpur,4186,Bhogaon Kh.,187221
Maharashtra,27,Raigad,520,Poladpur,4186,Boraghar,187224
Maharashtra,27,Raigad,520,Poladpur,4186,Boraj,187222
Maharashtra,27,Raigad,520,Poladpur,4186,Borawale,187223
Maharashtra,27,Raigad,520,Poladpur,4186,Chambhargani Bk.,187225
Maharashtra,27,Raigad,520,Poladpur,4186,Charai,187226
Maharashtra,27,Raigad,520,Poladpur,4186,Deole,187227
Maharashtra,27,Raigad,520,Poladpur,4186,Deopur,187228
Maharashtra,27,Raigad,520,Poladpur,4186,Dhamandivi,187229
Maharashtra,27,Raigad,520,Poladpur,4186,Dharawali,187230
Maharashtra,27,Raigad,520,Poladpur,4186,Divil,187231
Maharashtra,27,Raigad,520,Poladpur,4186,Golegani,187232
Maharashtra,27,Raigad,520,Poladpur,4186,Govele,187233
Maharashtra,27,Raigad,520,Poladpur,4186,Kalawali,187234
Maharashtra,27,Raigad,520,Poladpur,4186,Kapade  Bk,187235
Maharashtra,27,Raigad,520,Poladpur,4186,Kapade Kh.,187236
Maharashtra,27,Raigad,520,Poladpur,4186,Katetali,187237
Maharashtra,27,Raigad,520,Poladpur,4186,Kondhavi,187238
Maharashtra,27,Raigad,520,Poladpur,4186,Kotawal  Bk.,187239
Maharashtra,27,Raigad,520,Poladpur,4186,Kotawal  Kh.,187240
Maharashtra,27,Raigad,520,Poladpur,4186,Kudapan  Bk.,187241
Maharashtra,27,Raigad,520,Poladpur,4186,Lohare,187242
Maharashtra,27,Raigad,520,Poladpur,4186,Mahalgur,187243
Maharashtra,27,Raigad,520,Poladpur,4186,Mahalunge,187244
Maharashtra,27,Raigad,520,Poladpur,4186,Matwan,187245
Maharashtra,27,Raigad,520,Poladpur,4186,Morasade,187246
Maharashtra,27,Raigad,520,Poladpur,4186,Morgiri,187247
Maharashtra,27,Raigad,520,Poladpur,4186,Ombali,187248
Maharashtra,27,Raigad,520,Poladpur,4186,Paithan,187249
Maharashtra,27,Raigad,520,Poladpur,4186,Palchil,187250
Maharashtra,27,Raigad,520,Poladpur,4186,Pangaloli,187251
Maharashtra,27,Raigad,520,Poladpur,4186,Parasule,187252
Maharashtra,27,Raigad,520,Poladpur,4186,Parle,187253
Maharashtra,27,Raigad,520,Poladpur,4186,Poladpur,187254
Maharashtra,27,Raigad,520,Poladpur,4186,Sadavali,187255
Maharashtra,27,Raigad,520,Poladpur,4186,Sawad,187256
Maharashtra,27,Raigad,520,Poladpur,4186,Turbhe  Bk,187257
Maharashtra,27,Raigad,520,Poladpur,4186,Turbhe Kd.,187258
Maharashtra,27,Raigad,520,Poladpur,4186,Turbhekond,245180
Maharashtra,27,Raigad,520,Poladpur,4186,Umarath,187259
Maharashtra,27,Raigad,520,Poladpur,4186,Wakan,187260
Maharashtra,27,Raigad,520,Poladpur,4186,Wazarwadi,187261
Maharashtra,27,Raigad,520,Roha,4179,Ainghar,187262
Maharashtra,27,Raigad,520,Roha,4179,Ainwahal,187263
Maharashtra,27,Raigad,520,Roha,4179,Ambewadi,187264
Maharashtra,27,Raigad,520,Roha,4179,Are Bk,259299
Maharashtra,27,Raigad,520,Roha,4179,Bhalagaon,187265
Maharashtra,27,Raigad,520,Roha,4179,Bhatsai,187266
Maharashtra,27,Raigad,520,Roha,4179,Bhise,187267
Maharashtra,27,Raigad,520,Roha,4179,Chanere,187268
Maharashtra,27,Raigad,520,Roha,4179,Chinchawali T,187270
Maharashtra,27,Raigad,520,Roha,4179,Chinchawali  T,187269
Maharashtra,27,Raigad,520,Roha,4179,Dapoli,187271
Maharashtra,27,Raigad,520,Roha,4179,Devkanhe,187272
Maharashtra,27,Raigad,520,Roha,4179,Dhamansai,187273
Maharashtra,27,Raigad,520,Roha,4179,Dhatav,187274
Maharashtra,27,Raigad,520,Roha,4179,Dhondkhar,187275
Maharashtra,27,Raigad,520,Roha,4179,Ghosale,187276
Maharashtra,27,Raigad,520,Roha,4179,Gove,187277
Maharashtra,27,Raigad,520,Roha,4179,Jamgaon,187278
Maharashtra,27,Raigad,520,Roha,4179,Kadsure,187279
Maharashtra,27,Raigad,520,Roha,4179,Khaire Kh.,187281
Maharashtra,27,Raigad,520,Roha,4179,Khamb,187282
Maharashtra,27,Raigad,520,Roha,4179,Khambere,259300
Maharashtra,27,Raigad,520,Roha,4179,Khargaon,187280
Maharashtra,27,Raigad,520,Roha,4179,Killa,187283
Maharashtra,27,Raigad,520,Roha,4179,Kokban,187284
Maharashtra,27,Raigad,520,Roha,4179,Kolad,187285
Maharashtra,27,Raigad,520,Roha,4179,Kondgaon,187286
Maharashtra,27,Raigad,520,Roha,4179,Kudali,187287
Maharashtra,27,Raigad,520,Roha,4179,Mahalunge,187291
Maharashtra,27,Raigad,520,Roha,4179,Malsai,187289
Maharashtra,27,Raigad,520,Roha,4179,Medha,187290
Maharashtra,27,Raigad,520,Roha,4179,Medhali   Kh.,187288
Maharashtra,27,Raigad,520,Roha,4179,Nagothana,187292
Maharashtra,27,Raigad,520,Roha,4179,Neharunagar,187293
Maharashtra,27,Raigad,520,Roha,4179,Nhave,187294
Maharashtra,27,Raigad,520,Roha,4179,Nidi,187295
Maharashtra,27,Raigad,520,Roha,4179,Pahoor,187296
Maharashtra,27,Raigad,520,Roha,4179,Palas,187297
Maharashtra,27,Raigad,520,Roha,4179,Patansai,187298
Maharashtra,27,Raigad,520,Roha,4179,Pingalsai,187300
Maharashtra,27,Raigad,520,Roha,4179,Pingode,187299
Maharashtra,27,Raigad,520,Roha,4179,Pugaon,187301
Maharashtra,27,Raigad,520,Roha,4179,Pui,187302
Maharashtra,27,Raigad,520,Roha,4179,Roth   Bk,187303
Maharashtra,27,Raigad,520,Roha,4179,Roth   Kh,187304
Maharashtra,27,Raigad,520,Roha,4179,Sambhe,187305
Maharashtra,27,Raigad,520,Roha,4179,Sanegaon,187306
Maharashtra,27,Raigad,520,Roha,4179,Sarsoli,187307
Maharashtra,27,Raigad,520,Roha,4179,Shedsai,187308
Maharashtra,27,Raigad,520,Roha,4179,Shenvai,187309
Maharashtra,27,Raigad,520,Roha,4179,Talghar,187310
Maharashtra,27,Raigad,520,Roha,4179,Talwali T Ashtami,187311
Maharashtra,27,Raigad,520,Roha,4179,Tambadi,187312
Maharashtra,27,Raigad,520,Roha,4179,Tise,187313
Maharashtra,27,Raigad,520,Roha,4179,Varsgaon,187319
Maharashtra,27,Raigad,520,Roha,4179,Virjoli,187314
Maharashtra,27,Raigad,520,Roha,4179,Wali,187315
Maharashtra,27,Raigad,520,Roha,4179,Wangani,187316
Maharashtra,27,Raigad,520,Roha,4179,Wani,187317
Maharashtra,27,Raigad,520,Roha,4179,Waravatane,187320
Maharashtra,27,Raigad,520,Roha,4179,Warse,187318
Maharashtra,27,Raigad,520,Roha,4179,Washi,187321
Maharashtra,27,Raigad,520,Roha,4179,Wavepotge,187322
Maharashtra,27,Raigad,520,Roha,4179,Yeral,187323
Maharashtra,27,Raigad,520,Shrivardhan,4183,Adgaon,187324
Maharashtra,27,Raigad,520,Shrivardhan,4183,Arathi,187325
Maharashtra,27,Raigad,520,Shrivardhan,4183,Bagmandala,187326
Maharashtra,27,Raigad,520,Shrivardhan,4183,Bharadkhol,187327
Maharashtra,27,Raigad,520,Shrivardhan,4183,Bhoste,187328
Maharashtra,27,Raigad,520,Shrivardhan,4183,Borli Panchatan,187329
Maharashtra,27,Raigad,520,Shrivardhan,4183,Chikhalap,187330
Maharashtra,27,Raigad,520,Shrivardhan,4183,Danda,187331
Maharashtra,27,Raigad,520,Shrivardhan,4183,Dandguri,187332
Maharashtra,27,Raigad,520,Shrivardhan,4183,Dighi,187334
Maharashtra,27,Raigad,520,Shrivardhan,4183,Diveagar,187335
Maharashtra,27,Raigad,520,Shrivardhan,4183,Galsure,187336
Maharashtra,27,Raigad,520,Shrivardhan,4183,Gani,187337
Maharashtra,27,Raigad,520,Shrivardhan,4183,Gaulwadi,187338
Maharashtra,27,Raigad,520,Shrivardhan,4183,Guladhe,187339
Maharashtra,27,Raigad,520,Shrivardhan,4183,Hareshwar,187333
Maharashtra,27,Raigad,520,Shrivardhan,4183,Harvit,187340
Maharashtra,27,Raigad,520,Shrivardhan,4183,Jasavali,187341
Maharashtra,27,Raigad,520,Shrivardhan,4183,Kalinje,187342
Maharashtra,27,Raigad,520,Shrivardhan,4183,Karivane,187343
Maharashtra,27,Raigad,520,Shrivardhan,4183,Karle,187344
Maharashtra,27,Raigad,520,Shrivardhan,4183,Khargaon,187345
Maharashtra,27,Raigad,520,Shrivardhan,4183,Khujare,187346
Maharashtra,27,Raigad,520,Shrivardhan,4183,Kolmandala,187347
Maharashtra,27,Raigad,520,Shrivardhan,4183,Kudgaon,187348
Maharashtra,27,Raigad,520,Shrivardhan,4183,Kudki,187349
Maharashtra,27,Raigad,520,Shrivardhan,4183,Maral,187350
Maharashtra,27,Raigad,520,Shrivardhan,4183,Meghare,187351
Maharashtra,27,Raigad,520,Shrivardhan,4183,Nagaloli,187352
Maharashtra,27,Raigad,520,Shrivardhan,4183,Nigadi,187353
Maharashtra,27,Raigad,520,Shrivardhan,4183,Ranavali,187354
Maharashtra,27,Raigad,520,Shrivardhan,4183,Saigaon,187355
Maharashtra,27,Raigad,520,Shrivardhan,4183,Sakhrone,187356
Maharashtra,27,Raigad,520,Shrivardhan,4183,Sarve,187357
Maharashtra,27,Raigad,520,Shrivardhan,4183,Shekhadi,187358
Maharashtra,27,Raigad,520,Shrivardhan,4183,Shiste,187359
Maharashtra,27,Raigad,520,Shrivardhan,4183,Vadavali,187361
Maharashtra,27,Raigad,520,Shrivardhan,4183,Vadghar,187360
Maharashtra,27,Raigad,520,Shrivardhan,4183,Vakalghar,187362
Maharashtra,27,Raigad,520,Shrivardhan,4183,Vanjale,187363
Maharashtra,27,Raigad,520,Shrivardhan,4183,Vave T.,187364
Maharashtra,27,Raigad,520,Shrivardhan,4183,Velas,187365
Maharashtra,27,Raigad,520,Shrivardhan,4183,Walvati,187366
Maharashtra,27,Raigad,520,Sudhagad,4180,Aaptawane,187368
Maharashtra,27,Raigad,520,Sudhagad,4180,Aatone,187369
Maharashtra,27,Raigad,520,Sudhagad,4180,Adula Se,187367
Maharashtra,27,Raigad,520,Sudhagad,4180,Bharje,187370
Maharashtra,27,Raigad,520,Sudhagad,4180,Chandargaon,187371
Maharashtra,27,Raigad,520,Sudhagad,4180,Chikhalgaon,187372
Maharashtra,27,Raigad,520,Sudhagad,4180,Chive,187373
Maharashtra,27,Raigad,520,Sudhagad,4180,Dahigaon,187374
Maharashtra,27,Raigad,520,Sudhagad,4180,Ghotawade,187375
Maharashtra,27,Raigad,520,Sudhagad,4180,Gomashi,187376
Maharashtra,27,Raigad,520,Sudhagad,4180,Hatond,187377
Maharashtra,27,Raigad,520,Sudhagad,4180,Jambhulpada,187399
Maharashtra,27,Raigad,520,Sudhagad,4180,Kalamb,187379
Maharashtra,27,Raigad,520,Sudhagad,4180,Khandpoli,187378
Maharashtra,27,Raigad,520,Sudhagad,4180,Khavali,187380
Maharashtra,27,Raigad,520,Sudhagad,4180,Kumbharshet,187381
Maharashtra,27,Raigad,520,Sudhagad,4180,Mahagaon,187382
Maharashtra,27,Raigad,520,Sudhagad,4180,Mangaon,187383
Maharashtra,27,Raigad,520,Sudhagad,4180,Nadsur,187384
Maharashtra,27,Raigad,520,Sudhagad,4180,Nagshet,187385
Maharashtra,27,Raigad,520,Sudhagad,4180,Nandgaon,187386
Maharashtra,27,Raigad,520,Sudhagad,4180,Navghar,187387
Maharashtra,27,Raigad,520,Sudhagad,4180,Nenwali,187388
Maharashtra,27,Raigad,520,Sudhagad,4180,Pacchapur,187389
Maharashtra,27,Raigad,520,Sudhagad,4180,Pali,187390
Maharashtra,27,Raigad,520,Sudhagad,4180,Parali,187391
Maharashtra,27,Raigad,520,Sudhagad,4180,Rabgaon,187392
Maharashtra,27,Raigad,520,Sudhagad,4180,Rasal,187393
Maharashtra,27,Raigad,520,Sudhagad,4180,Shiloshi,187394
Maharashtra,27,Raigad,520,Sudhagad,4180,Siddheshwar,187395
Maharashtra,27,Raigad,520,Sudhagad,4180,Tadgaon,187396
Maharashtra,27,Raigad,520,Sudhagad,4180,Tiware,187397
Maharashtra,27,Raigad,520,Sudhagad,4180,Uddhar,187398
Maharashtra,27,Raigad,520,Sudhagad,4180,Vaghoshi,187400
Maharashtra,27,Raigad,520,Tala,4182,Bhanang,187401
Maharashtra,27,Raigad,520,Tala,4182,Borghar Haveli,187402
Maharashtra,27,Raigad,520,Tala,4182,Charai Khurd,187403
Maharashtra,27,Raigad,520,Tala,4182,Falshet Karnala,187404
Maharashtra,27,Raigad,520,Tala,4182,Girane,187405
Maharashtra,27,Raigad,520,Tala,4182,Kakadshet,187406
Maharashtra,27,Raigad,520,Tala,4182,Mahagaon,187407
Maharashtra,27,Raigad,520,Tala,4182,Majgaon,187408
Maharashtra,27,Raigad,520,Tala,4182,Maluk,187409
Maharashtra,27,Raigad,520,Tala,4182,Mandad,187410
Maharashtra,27,Raigad,520,Tala,4182,Medhe,187411
Maharashtra,27,Raigad,520,Tala,4182,Nigudshet,187412
Maharashtra,27,Raigad,520,Tala,4182,Padhavan,187413
Maharashtra,27,Raigad,520,Tala,4182,Panheli,187414
Maharashtra,27,Raigad,520,Tala,4182,Pitsai,187415
Maharashtra,27,Raigad,520,Tala,4182,Rahatad,187416
Maharashtra,27,Raigad,520,Tala,4182,Rowale,187417
Maharashtra,27,Raigad,520,Tala,4182,Shenavali,187418
Maharashtra,27,Raigad,520,Tala,4182,Sonsade,187419
Maharashtra,27,Raigad,520,Tala,4182,Tale,187420
Maharashtra,27,Raigad,520,Tala,4182,Talegao T.Tale,187421
Maharashtra,27,Raigad,520,Tala,4182,Usar Khurd,187422
Maharashtra,27,Raigad,520,Tala,4182,Vaijaloshi,187424
Maharashtra,27,Raigad,520,Tala,4182,Wanaste,187423
Maharashtra,27,Raigad,520,Tala,4182,Waral,187425
Maharashtra,27,Raigad,520,Tala,4182,Washi Haveli,187426
Maharashtra,27,Raigad,520,Uran,4172,Aware,187427
Maharashtra,27,Raigad,520,Uran,4172,Bhendkhal,187428
Maharashtra,27,Raigad,520,Uran,4172,Bokadwira,187429
Maharashtra,27,Raigad,520,Uran,4172,Chanje,187430
Maharashtra,27,Raigad,520,Uran,4172,Chirle,187431
Maharashtra,27,Raigad,520,Uran,4172,Chirner,187432
Maharashtra,27,Raigad,520,Uran,4172,Dhutum,187433
Maharashtra,27,Raigad,520,Uran,4172,Dighode,187434
Maharashtra,27,Raigad,520,Uran,4172,Dongari,187435
Maharashtra,27,Raigad,520,Uran,4172,Gharapuri,187437
Maharashtra,27,Raigad,520,Uran,4172,Hanuman,187438
Maharashtra,27,Raigad,520,Uran,4172,Jasai,187439
Maharashtra,27,Raigad,520,Uran,4172,Jaskhar,187440
Maharashtra,27,Raigad,520,Uran,4172,Jui,187441
Maharashtra,27,Raigad,520,Uran,4172,Kalambusare,187442
Maharashtra,27,Raigad,520,Uran,4172,Karal,187443
Maharashtra,27,Raigad,520,Uran,4172,Kegaon,187444
Maharashtra,27,Raigad,520,Uran,4172,Koprole,187445
Maharashtra,27,Raigad,520,Uran,4172,Mhatvali,187446
Maharashtra,27,Raigad,520,Uran,4172,Nagaon,187447
Maharashtra,27,Raigad,520,Uran,4172,Navghar,187448
Maharashtra,27,Raigad,520,Uran,4172,Navin Sheve,187449
Maharashtra,27,Raigad,520,Uran,4172,Pagote,187450
Maharashtra,27,Raigad,520,Uran,4172,Panje,187451
Maharashtra,27,Raigad,520,Uran,4172,Phunde,187436
Maharashtra,27,Raigad,520,Uran,4172,Pirkon,187452
Maharashtra,27,Raigad,520,Uran,4172,Punade,187453
Maharashtra,27,Raigad,520,Uran,4172,Ransai,187454
Maharashtra,27,Raigad,520,Uran,4172,Sarade,187455
Maharashtra,27,Raigad,520,Uran,4172,Sonari,187456
Maharashtra,27,Raigad,520,Uran,4172,Vasheni,187457
Maharashtra,27,Raigad,520,Uran,4172,Veshvi,187458
Maharashtra,27,Raigad,520,Uran,4172,Windhane,187459
